SLUG,FULL PATH
TLD with Prefix,https://whitelabel-loyalty.com
your-contact-submitted-thank-you,https://whitelabel-loyalty.com/your-contact-submitted-thank-you
solutions/b2b-loyalty,https://whitelabel-loyalty.com/solutions/b2b-loyalty
industries/media,https://whitelabel-loyalty.com/industries/media
industries/not-for-profit,https://whitelabel-loyalty.com/industries/not-for-profit
tailored-loyalty-solution,https://whitelabel-loyalty.com/tailored-loyalty-solution
industries/hospitality,https://whitelabel-loyalty.com/industries/hospitality
flexible-enterprise-advocacy-platform,https://whitelabel-loyalty.com/flexible-enterprise-advocacy-platform
industries/healthcare,https://whitelabel-loyalty.com/industries/healthcare
industries/ecommerce,https://whitelabel-loyalty.com/industries/ecommerce
monthly-loyalty-promotion-calendar-2024,https://whitelabel-loyalty.com/monthly-loyalty-promotion-calendar-2024
industries/telecommunications,https://whitelabel-loyalty.com/industries/telecommunications
boon-delete-account,https://whitelabel-loyalty.com/boon-delete-account
solutions/instant-cashback,https://whitelabel-loyalty.com/solutions/instant-cashback
white-label-loyalty-solution,https://whitelabel-loyalty.com/white-label-loyalty-solution
solutions/member-rewards,https://whitelabel-loyalty.com/solutions/member-rewards
technologies/data-capture/card-linking,https://whitelabel-loyalty.com/technologies/data-capture/card-linking
test-page-dev,https://whitelabel-loyalty.com/test-page-dev
technologies/core-platform/loyalty-console,https://whitelabel-loyalty.com/technologies/core-platform/loyalty-console
technologies/data-capture/visitors-module,https://whitelabel-loyalty.com/technologies/data-capture/visitors-module
boon-terms-and-conditions,https://whitelabel-loyalty.com/boon-terms-and-conditions
brand-b2b-loyalty,https://whitelabel-loyalty.com/brand-b2b-loyalty
tickit-case-study,https://whitelabel-loyalty.com/tickit-case-study
flexible-enterprise-loyalty-platform/de,https://whitelabel-loyalty.com/flexible-enterprise-loyalty-platform/de
technologies/data-capture/web-sdk,https://whitelabel-loyalty.com/technologies/data-capture/web-sdk
use-cases,https://whitelabel-loyalty.com/use-cases
thank-you-brand-page-form-submitted,https://whitelabel-loyalty.com/thank-you-brand-page-form-submitted
boon-privacy-policy,https://whitelabel-loyalty.com/boon-privacy-policy
cpg-loyalty-white-paper,https://whitelabel-loyalty.com/cpg-loyalty-white-paper
flexible-enterprise-engagement-platform,https://whitelabel-loyalty.com/flexible-enterprise-engagement-platform
travel-in-mind-offering,https://whitelabel-loyalty.com/travel-in-mind-offering
index,https://whitelabel-loyalty.com/index
pricing,https://whitelabel-loyalty.com/pricing
industries/technology,https://whitelabel-loyalty.com/industries/technology
industries/financial-services,https://whitelabel-loyalty.com/industries/financial-services
loyalty-101,https://whitelabel-loyalty.com/loyalty-101
technologies/core-platform/ai,https://whitelabel-loyalty.com/technologies/core-platform/ai
technologies/customer-interface/sdk,https://whitelabel-loyalty.com/technologies/customer-interface/sdk
technologies/data-capture/crm-erp-integration,https://whitelabel-loyalty.com/technologies/data-capture/crm-erp-integration
technologies,https://whitelabel-loyalty.com/technologies
technologies/core-platform/analytics,https://whitelabel-loyalty.com/technologies/core-platform/analytics
technologies/customer-interface/loyalty-microsite,https://whitelabel-loyalty.com/technologies/customer-interface/loyalty-microsite
solutions/b2c-loyalty,https://whitelabel-loyalty.com/solutions/b2c-loyalty
industries/agencies,https://whitelabel-loyalty.com/industries/agencies
industries/automotive,https://whitelabel-loyalty.com/industries/automotive
industries/other,https://whitelabel-loyalty.com/industries/other
industries/sports,https://whitelabel-loyalty.com/industries/sports
technologies/data-capture/receipt-scanning,https://whitelabel-loyalty.com/technologies/data-capture/receipt-scanning
solutions/multi-tenanted,https://whitelabel-loyalty.com/solutions/multi-tenanted
technologies/core-platform/marketing,https://whitelabel-loyalty.com/technologies/core-platform/marketing
solutions/brand-activation-campaign,https://whitelabel-loyalty.com/solutions/brand-activation-campaign
industries/retail,https://whitelabel-loyalty.com/industries/retail
industries/manufacturing,https://whitelabel-loyalty.com/industries/manufacturing
technologies/customer-interface/mobile-app,https://whitelabel-loyalty.com/technologies/customer-interface/mobile-app
mwc-4yfn-2023,https://whitelabel-loyalty.com/mwc-4yfn-2023
technologies/core-platform/loyalty-engine,https://whitelabel-loyalty.com/technologies/core-platform/loyalty-engine
solutions/ecommerce,https://whitelabel-loyalty.com/solutions/ecommerce
brand-activation-solution,https://whitelabel-loyalty.com/brand-activation-solution
api-onboarding-demo,https://whitelabel-loyalty.com/api-onboarding-demo
technologies/data-capture/epos-integration,https://whitelabel-loyalty.com/technologies/data-capture/epos-integration
brand-loyalty,https://whitelabel-loyalty.com/brand-loyalty
enterprise-loyalty-program,https://whitelabel-loyalty.com/enterprise-loyalty-program
industries/travel,https://whitelabel-loyalty.com/industries/travel
solutions/retail-loyalty,https://whitelabel-loyalty.com/solutions/retail-loyalty
resources,https://whitelabel-loyalty.com/resources
industries/fmcg-cpg,https://whitelabel-loyalty.com/industries/fmcg-cpg
solutions/enterprise,https://whitelabel-loyalty.com/solutions/enterprise
cookie-privacy-policy,https://whitelabel-loyalty.com/cookie-privacy-policy
solutions/reward-fulfilment,https://whitelabel-loyalty.com/solutions/reward-fulfilment
flexible-enterprise-loyalty-platform,https://whitelabel-loyalty.com/flexible-enterprise-loyalty-platform
technologies/core-platform/referral,https://whitelabel-loyalty.com/technologies/core-platform/referral
enterprise-loyalty-platform,https://whitelabel-loyalty.com/enterprise-loyalty-platform
solutions/api,https://whitelabel-loyalty.com/solutions/api
submitted-thank-you,https://whitelabel-loyalty.com/submitted-thank-you
contact-submitted-thank-you,https://whitelabel-loyalty.com/contact-submitted-thank-you
why-do-75-of-loyalty-programs-fail-thank-you,https://whitelabel-loyalty.com/why-do-75-of-loyalty-programs-fail-thank-you
thank-you-page-form-submitted,https://whitelabel-loyalty.com/thank-you-page-form-submitted
thank-you-enquiry-submitted,https://whitelabel-loyalty.com/thank-you-enquiry-submitted
solutions,https://whitelabel-loyalty.com/solutions
thank-you-form-submitted,https://whitelabel-loyalty.com/thank-you-form-submitted
customer-loyalty-guides,https://whitelabel-loyalty.com/customer-loyalty-guides
industries,https://whitelabel-loyalty.com/industries
technologies/core-platform/integrations,https://whitelabel-loyalty.com/technologies/core-platform/integrations
solutions/brand-loyalty,https://whitelabel-loyalty.com/solutions/brand-loyalty
flexible-enterprise-loyalty-platform/fr,https://whitelabel-loyalty.com/flexible-enterprise-loyalty-platform/fr
loyalty-program,https://whitelabel-loyalty.com/loyalty-program
newsletter-signup,https://whitelabel-loyalty.com/newsletter-signup
technologies/core-platform/rewards-marketplace,https://whitelabel-loyalty.com/technologies/core-platform/rewards-marketplace
get-in-touch,https://whitelabel-loyalty.com/get-in-touch
technologies/data-capture,https://whitelabel-loyalty.com/technologies/data-capture
technologies/customer-interface,https://whitelabel-loyalty.com/technologies/customer-interface
about,https://whitelabel-loyalty.com/about
technologies/core-platform,https://whitelabel-loyalty.com/technologies/core-platform
